<!DOCTYPE hibernate-configuration PUBLIC "-//Hibernate/Hibernate Configuration DTD 3.0//EN"
        "http://hibernate.sourceforge.net/hibernate-configuration-3.0.dtd">
<hibernate-configuration>
    <session-factory>
        <!-- Conexão JDBC -->
        <property name="hibernate.connection.driver_class">com.mysql.cj.jdbc.Driver</property>
        <!-- <property name="hibernate.connection.url">jdbc:mysql://localhost:3306/test</property> -->
        <property name="hibernate.connection.url">jdbc:mysql://localhost/test</property>
        <property name="hibernate.connection.username">root</property>
        <property name="hibernate.connection.password">12345</property>
        
        <!-- Dialeto -->
        <property name="hibernate.dialect">org.hibernate.dialect.MySQL8Dialect</property>
        
        <!-- Configurações adicionais -->
        <property name="hibernate.show_sql">true</property>
        <property name="hibernate.format_sql">true</property>
        
        <!-- Atualiza o esquema do banco de dados -->
        <property name="hibernate.hbm2ddl.auto">update</property>
        
        
        <!-- Mapear a entidade Orcamento -->
        <mapping class="Classes.Orcamento"/> 
        <mapping class="Classes.Cliente"/> 
        <mapping class="Classes.PessoaFisica"/> 
        <mapping class="Classes.PessoaJuridica"/>
        <mapping class="Classes.Produto"/>
        <mapping class="Classes.Mercadoria"/>
        <mapping class="Classes.Servico"/>
        <mapping class="Classes.ItemOrcamento"/>
    </session-factory>
</hibernate-configuration>